City_ID,City,Country,Lat,Lng,Max Temp,Humidity,Cloudiness,Wind Speed,Current Description
0,Bathsheba,BB,13.2167,-59.5167,79.41,73,75,18.41,broken clouds
1,Arraial Do Cabo,BR,-22.9661,-42.0278,72.88,69,0,8.81,clear sky
2,Provideniya,RU,64.3833,-173.3,32.36,86,100,25.01,snow
3,Saint George,US,37.1041,-113.5841,82.99,11,0,11.5,clear sky
4,Cabo San Lucas,MX,22.8909,-109.9124,87.62,52,100,9.15,overcast clouds
5,Hermanus,ZA,-34.4187,19.2345,61.81,81,100,13.44,overcast clouds
6,Pailon,BO,-17.65,-62.75,72.5,53,17,5.35,few clouds
7,Airai,TL,-8.9266,125.4092,71.89,64,100,1.63,overcast clouds
8,Ushuaia,AR,-54.8,-68.3,46.06,93,100,14.97,moderate rain
9,Lompoc,US,34.6391,-120.4579,66.56,67,0,25.99,clear sky
10,Samarai,PG,-10.6167,150.6667,81.97,80,100,10.58,overcast clouds
11,Yellowknife,CA,62.456,-114.3525,19.92,53,20,9.22,few clouds
12,Kutum,SD,14.2,24.6667,76.87,15,47,1.45,scattered clouds
13,Kaitangata,NZ,-46.2817,169.8464,58.48,56,10,3.53,clear sky
14,Chumikan,RU,54.7183,135.315,31.28,82,7,11.1,clear sky
15,Zlitan,LY,32.4674,14.5687,60.24,73,7,12.06,clear sky
16,Hithadhoo,MV,-0.6,73.0833,82.98,75,34,9.78,scattered clouds
17,Geraldton,AU,-28.7667,114.6,63.01,59,0,12.66,clear sky
18,East London,ZA,-33.0153,27.9116,64.36,84,0,11.39,clear sky
19,Bambous Virieux,MU,-20.3428,57.7575,79.05,89,75,1.14,light rain
20,Ulaangom,MN,49.9811,92.0667,46.62,30,99,3.09,overcast clouds
21,Bluff,NZ,-46.6,168.3333,60.8,63,50,4.09,scattered clouds
22,Rikitea,PF,-23.1203,-134.9692,78.48,63,2,10.67,clear sky
23,Ribeira Grande,PT,38.5167,-28.7,58.03,69,98,20.02,overcast clouds
24,Severo-Kurilsk,RU,50.6789,156.125,32.27,80,100,6.49,overcast clouds
25,Lokoshaza,HU,46.4333,21.2333,35.83,67,6,9.08,clear sky
26,Puerto Ayora,EC,-0.7393,-90.3518,75.16,95,100,8.43,light rain
27,Marawi,PH,7.9986,124.2928,77.36,76,100,2.53,overcast clouds
28,Atuona,PF,-9.8,-139.0333,79.57,80,8,17.69,clear sky
29,Shilovo,RU,54.3204,40.874,32.72,95,100,8.61,overcast clouds
30,Avarua,CK,-21.2078,-159.775,82.45,69,100,2.3,overcast clouds
31,Jamestown,US,42.097,-79.2353,37.04,33,0,6.91,clear sky
32,Thompson,CA,55.7435,-97.8558,32.16,29,75,0.0,broken clouds
33,Marquette,US,46.5333,-87.6335,29.82,79,100,3.98,overcast clouds
34,Albany,US,42.6001,-73.9662,40.64,63,7,7.16,clear sky
35,Kapaa,US,22.0752,-159.319,80.58,81,75,19.57,broken clouds
36,Tampakan,PH,6.4442,124.9264,82.69,75,99,1.86,overcast clouds
37,Sorland,NO,67.667,12.6934,42.58,87,100,19.66,overcast clouds
38,Esperance,AU,-33.8667,121.9,58.84,59,67,7.99,broken clouds
39,Vaini,TO,-21.2,-175.2,84.36,84,75,6.91,broken clouds
40,Ponta Do Sol,PT,32.6667,-17.1,66.13,54,49,12.62,scattered clouds
41,Cockburn Town,TC,21.4612,-71.1419,78.76,73,75,9.22,broken clouds
42,Batabano,CU,22.7164,-82.2881,78.73,70,0,11.7,clear sky
43,Mataura,NZ,-46.1927,168.8643,60.48,48,12,2.86,few clouds
44,Bredasdorp,ZA,-34.5322,20.0403,60.39,91,100,4.03,overcast clouds
45,Kavieng,PG,-2.5744,150.7967,85.71,65,30,14.0,scattered clouds
46,Asau,RO,46.4333,26.4,33.28,84,86,4.92,overcast clouds
47,Mendeleyevsk,RU,55.9082,52.2905,34.84,100,100,7.07,light snow
48,Olafsvik,IS,64.8945,-23.7142,42.17,70,100,10.74,overcast clouds
49,Trairi,BR,-3.2778,-39.2689,76.5,91,99,3.6,overcast clouds
50,New Norfolk,AU,-42.7826,147.0587,59.88,64,100,1.99,overcast clouds
51,Ixtapa,MX,20.7,-105.2,78.22,69,75,8.05,broken clouds
52,Grand Gaube,MU,-20.0064,57.6608,79.2,91,12,3.0,few clouds
53,Nikolskoye,RU,59.7035,30.7861,39.7,75,100,3.06,overcast clouds
54,Upernavik,GL,72.7868,-56.1549,-3.05,89,100,13.13,overcast clouds
55,Dingle,PH,10.9995,122.6711,83.08,73,34,12.35,scattered clouds
56,Longyearbyen,SJ,78.2186,15.6401,21.04,86,75,12.66,broken clouds
57,Namibe,AO,-15.1961,12.1522,72.5,78,59,4.45,broken clouds
58,Kloulklubed,PW,7.0419,134.2556,82.9,74,100,4.0,overcast clouds
59,Cherskiy,RU,68.75,161.3,14.85,81,100,4.05,overcast clouds
60,Narsaq,GL,60.9167,-46.05,34.02,90,47,2.42,scattered clouds
61,Stulpicani,RO,47.4667,25.7667,31.39,93,21,3.96,few clouds
62,Norman Wells,CA,65.282,-126.8329,26.64,28,20,6.91,few clouds
63,Zelenoborskiy,RU,66.845,32.3622,33.46,99,100,2.73,overcast clouds
64,Edson,CA,53.5835,-116.4356,37.54,44,100,10.36,overcast clouds
65,Lata,PT,40.1629,-8.3327,58.82,98,40,1.39,scattered clouds
66,Suntar,RU,62.1444,117.6319,40.42,85,99,10.49,overcast clouds
67,Buzmeyin,TM,38.0507,58.2056,51.53,93,100,9.22,light rain
68,Tanout,NE,14.9709,8.8879,79.56,10,100,9.33,overcast clouds
69,Dikson,RU,73.5069,80.5464,-3.59,100,100,3.2,overcast clouds
70,Coatesville,US,39.9832,-75.8238,45.45,52,0,4.61,clear sky
71,Quatre Cocos,MU,-20.2078,57.7625,78.91,87,41,10.89,light rain
72,Tevaitoa,PF,-16.7833,-151.5,81.05,73,18,10.58,light rain
73,Haicheng,CN,40.8516,122.7475,60.93,23,0,10.56,clear sky
74,Rantepao,ID,-2.9701,119.8978,79.3,68,72,1.7,moderate rain
75,Pevek,RU,69.7008,170.3133,10.94,84,29,2.15,scattered clouds
76,Tiruchchendur,IN,8.4833,78.1167,80.89,76,12,6.82,few clouds
77,Michigan City,US,41.7075,-86.895,46.92,79,0,3.44,clear sky
78,Cidreira,BR,-30.1811,-50.2056,67.55,73,65,11.83,broken clouds
79,Carauari,BR,-4.8828,-66.8958,74.61,98,100,1.86,overcast clouds
80,Shihezi,CN,44.3,86.0333,58.87,19,0,2.46,clear sky
81,Victoria,HK,22.2855,114.1577,74.17,77,100,4.0,overcast clouds
82,Chokurdakh,RU,70.6333,147.9167,12.7,89,44,4.79,scattered clouds
83,Laguna,US,38.421,-121.4238,74.43,27,0,10.36,clear sky
84,Khatanga,RU,71.9667,102.5,7.09,95,93,13.2,overcast clouds
85,Matara,LK,5.9485,80.5353,79.75,84,100,6.06,overcast clouds
86,Tautira,PF,-17.7333,-149.15,81.36,72,21,11.25,light rain
87,Bawku,GH,11.0616,-0.2417,90.91,15,100,4.74,overcast clouds
88,Anadyr,RU,64.75,177.4833,32.5,86,75,22.37,light shower snow
89,Hualmay,PE,-11.0964,-77.6139,66.52,84,45,10.04,scattered clouds
90,Cape Town,ZA,-33.9258,18.4232,63.01,79,0,21.85,clear sky
91,Busselton,AU,-33.65,115.3333,61.97,61,91,3.78,overcast clouds
92,Acarau,BR,-2.8856,-40.12,78.42,86,50,6.98,scattered clouds
93,Richards Bay,ZA,-28.783,32.0377,63.43,94,100,4.18,light rain
94,Vestmanna,FO,62.1564,-7.1664,45.52,100,100,8.05,drizzle
95,Iqaluit,CA,63.7506,-68.5145,-6.07,71,40,5.75,scattered clouds
96,Saint Anthony,US,45.0205,-93.218,36.1,91,100,6.91,snow
97,Saint-Philippe,RE,-21.3585,55.7679,74.79,88,14,9.37,light rain
98,Progreso,MX,21.2833,-89.6667,77.88,80,0,15.32,clear sky
99,Satrikh,IN,26.8667,81.2,73.47,11,0,1.16,clear sky
100,Carnarvon,AU,-24.8667,113.6333,66.27,82,96,12.66,overcast clouds
101,Belmonte,BR,-15.8631,-38.8828,77.05,77,100,13.42,overcast clouds
102,Lithakia,GR,37.7167,20.8333,51.17,77,100,7.05,overcast clouds
103,Copiapo,CL,-27.3667,-70.3333,55.09,68,0,1.25,clear sky
104,Cayenne,GF,4.9333,-52.3333,81.09,1,0,5.01,clear sky
105,Nuuk,GL,64.1835,-51.7216,23.88,85,100,4.0,overcast clouds
106,Naze,JP,28.3667,129.4833,70.72,58,32,7.81,scattered clouds
107,Anito,PH,12.4497,125.2886,81.75,71,100,8.3,overcast clouds
108,Opunake,NZ,-39.4556,173.8583,67.84,57,100,2.46,light rain
109,Hobart,AU,-42.8794,147.3294,60.22,82,75,4.61,broken clouds
110,Butaritari,KI,3.0707,172.7902,81.93,72,29,12.71,scattered clouds
111,Port Alfred,ZA,-33.5906,26.891,60.19,93,6,12.71,clear sky
112,Saskylakh,RU,71.9167,114.0833,28.8,96,100,11.03,light snow
113,Mujiayingzi,CN,42.1167,118.7833,51.51,24,0,9.51,clear sky
114,Qaanaaq,GL,77.484,-69.3632,-19.75,73,0,5.75,clear sky
115,Daru,PG,-9.0763,143.2092,86.61,65,76,2.82,broken clouds
116,Punta Arenas,CL,-53.15,-70.9167,44.71,93,75,8.05,broken clouds
117,Bagar,IN,28.1874,75.5005,77.77,33,28,9.89,scattered clouds
118,Katsuura,JP,35.1333,140.3,62.83,67,100,10.74,overcast clouds
119,Coxim,BR,-18.5067,-54.76,67.89,46,0,3.67,clear sky
120,Ouadda,CF,8.0777,22.4007,69.26,91,100,1.59,light rain
121,Bani,DO,18.2833,-70.3333,71.85,84,89,6.22,overcast clouds
122,Praya,CV,14.9215,-23.5087,69.85,80,27,12.08,scattered clouds
123,Barrow,US,71.2906,-156.7887,6.82,78,0,9.22,clear sky
124,Alta Floresta,BR,-9.8756,-56.0861,72.1,96,100,2.46,overcast clouds
125,Plouzane,FR,48.3833,-4.6167,52.12,96,100,5.75,fog
126,Atambua,ID,-9.1061,124.8925,81.81,69,100,0.87,overcast clouds
127,Ikwiriri,TZ,-7.9562,38.9716,72.0,98,83,3.04,broken clouds
128,Uruzgan,AF,32.8333,66.0,62.06,51,100,7.67,overcast clouds
129,Sola,VU,-13.8833,167.55,88.47,74,75,2.3,broken clouds
130,Kodiak,US,57.79,-152.4072,40.51,70,100,11.5,overcast clouds
131,Gat,IL,31.61,34.7642,84.88,11,28,20.83,scattered clouds
132,Iralaya,HN,15.0,-83.2333,79.27,77,15,9.53,few clouds
133,Joao Pinheiro,BR,-17.7425,-46.1725,72.14,62,99,6.76,overcast clouds
134,Sarangani,PH,5.4033,125.4636,82.51,75,82,14.81,broken clouds
135,Edd,ER,13.9297,41.6925,83.23,59,0,5.73,clear sky
136,Harper,LR,4.375,-7.7169,77.65,87,100,0.83,light rain
137,Tripoli,LY,32.8752,13.1875,60.49,76,80,12.95,light rain
138,Dali,CN,25.7,100.1833,61.23,58,70,3.49,broken clouds
139,Hilo,US,19.7297,-155.09,77.29,92,100,4.61,moderate rain
140,Buritis,BR,-15.6178,-46.4233,74.1,74,100,3.0,overcast clouds
141,Les Cayes,HT,18.2,-73.75,75.79,84,83,7.92,broken clouds
142,Synya,RU,65.3718,58.0387,24.35,96,100,6.8,light snow
143,Krasnoselkup,RU,65.7,82.4667,13.66,94,100,13.98,overcast clouds
144,Abha,SA,18.2164,42.5053,62.42,51,20,4.61,few clouds
145,Lazaro Cardenas,MX,17.9583,-102.2,76.39,66,100,3.76,overcast clouds
146,Hasaki,JP,35.7333,140.8333,64.8,66,100,11.39,overcast clouds
147,Amuntai,ID,-2.4177,115.2494,83.86,70,100,2.46,overcast clouds
148,Georgetown,MY,5.4112,100.3354,82.33,94,20,2.3,few clouds
149,Codrington,AU,-38.2667,141.9667,59.09,81,100,11.61,moderate rain
150,Lubango,AO,-14.9172,13.4925,60.93,87,100,3.04,overcast clouds
151,Yakeshi,CN,49.2833,120.7333,46.49,30,97,16.93,overcast clouds
152,Pisco,PE,-13.7,-76.2167,65.01,82,0,14.97,clear sky
153,Mahibadhoo,MV,3.7833,72.9667,83.98,70,78,11.9,broken clouds
154,Mehamn,NO,71.0357,27.8492,39.78,96,100,13.44,overcast clouds
155,Arroyo,ES,41.6096,-4.7969,49.14,72,0,13.8,clear sky
156,Long Beach,US,33.767,-118.1892,77.77,69,0,14.97,clear sky
157,La Oroya,PE,-11.5189,-75.8994,44.26,83,11,3.85,few clouds
158,Margate,GB,51.3813,1.3862,51.69,71,71,1.01,broken clouds
159,Bethel,US,41.3712,-73.414,44.69,49,20,5.75,few clouds
160,Saldanha,ZA,-33.0117,17.9442,55.45,79,24,10.36,few clouds
161,Kamnik,SI,46.2259,14.6121,41.4,69,20,4.61,few clouds
162,Hami,CN,42.8,93.45,58.28,16,0,5.12,clear sky
163,Imeni Poliny Osipenko,RU,52.4201,136.4853,31.35,88,73,4.52,broken clouds
164,Dalby,AU,-27.1833,151.2667,72.59,43,0,7.27,clear sky
165,Isangel,VU,-19.55,169.2667,82.18,73,100,2.35,light rain
166,Tiksi,RU,71.6872,128.8694,3.81,97,94,4.45,overcast clouds
167,Latung,PH,5.5,120.8833,81.9,76,78,2.55,broken clouds
168,Maneadero,MX,31.7167,-116.5667,63.1,79,2,5.99,clear sky
169,Bosaso,SO,11.2842,49.1816,84.04,57,0,5.97,clear sky
170,Porto Novo,BJ,6.4965,2.6036,84.02,90,100,5.14,moderate rain
171,Flin Flon,CA,54.7682,-101.865,28.63,81,100,1.95,overcast clouds
172,Jumla,NP,29.2747,82.1838,52.9,50,98,3.85,overcast clouds
173,Burnie,AU,-41.0667,145.9167,60.1,73,100,7.81,light rain
174,Santa Vitoria Do Palmar,BR,-33.5189,-53.3681,62.76,79,100,6.96,overcast clouds
175,Inhambane,MZ,-23.865,35.3833,72.14,92,79,3.47,light rain
176,Labuhan,ID,-6.8844,112.2051,83.5,78,64,3.56,broken clouds
177,Lorengau,PG,-2.0226,147.2712,83.59,77,23,6.76,few clouds
178,Kieta,PG,-6.2167,155.6333,82.8,75,83,2.75,light rain
179,Kyra,RU,49.5776,111.9753,52.18,36,100,4.63,overcast clouds
180,Nanortalik,GL,60.1432,-45.2371,29.41,89,45,9.91,scattered clouds
181,Fortuna,US,40.5982,-124.1573,56.32,50,20,6.91,few clouds
182,Acapulco,MX,16.8634,-99.8901,82.22,69,0,9.22,clear sky
183,Kaiyuan,CN,23.6977,103.3037,63.3,80,100,3.96,overcast clouds
184,Leningradskiy,RU,69.3833,178.4167,19.4,89,95,5.35,overcast clouds
185,Garh Maharaja,PK,30.8339,71.9053,81.0,16,29,8.5,scattered clouds
186,Antalaha,MG,-14.9003,50.2788,73.35,87,22,6.13,few clouds
187,Faya,SA,18.3851,42.4509,62.71,38,27,3.0,scattered clouds
188,Eureka,US,40.8021,-124.1637,62.74,68,100,8.97,overcast clouds
189,Tazovskiy,RU,67.4667,78.7,9.05,95,100,10.56,overcast clouds
190,Asilah,MA,35.465,-6.0348,60.76,72,100,3.09,overcast clouds
191,Zhangye,CN,38.9342,100.4517,49.1,26,0,7.09,clear sky
192,Banda Aceh,ID,5.5577,95.3222,81.28,77,98,6.04,overcast clouds
193,Chekmagush,RU,55.1319,54.6556,40.78,86,96,3.62,overcast clouds
194,Awbari,LY,26.5921,12.7805,61.54,37,0,7.74,clear sky
195,Chuy,UY,-33.6971,-53.4616,62.04,81,100,6.58,overcast clouds
196,Almeirim,BR,-1.5233,-52.5817,74.35,96,100,3.2,overcast clouds
197,Punta Cardon,VE,11.6581,-70.215,79.68,79,100,17.13,overcast clouds
198,Honiara,SB,-9.4333,159.95,86.11,68,51,8.21,broken clouds
199,Lagoa,PT,39.05,-27.9833,56.97,66,70,16.73,broken clouds
200,Charagua,BO,-19.8,-63.2167,59.9,57,19,4.72,few clouds
201,Tyrma,RU,50.0833,132.1667,37.6,62,4,3.62,clear sky
202,Sioux Lookout,CA,50.1001,-91.917,24.87,86,100,6.91,mist
203,Kiama,AU,-34.6833,150.8667,77.58,61,100,5.01,overcast clouds
204,Ammon,US,43.4696,-111.9666,48.7,34,20,21.85,few clouds
205,Castro,BR,-24.7911,-50.0119,51.62,97,4,4.61,clear sky
206,Staryy Nadym,RU,65.6118,72.6842,14.41,90,96,10.09,overcast clouds
207,Buala,SB,-8.145,159.5921,83.44,76,76,8.37,moderate rain
208,Faanui,PF,-16.4833,-151.75,81.07,72,5,9.17,light rain
209,Bilibino,RU,68.0546,166.4372,23.4,81,99,1.43,overcast clouds
210,Nuevo Progreso,MX,23.1667,-97.95,80.55,68,2,1.99,clear sky
211,Mount Gambier,AU,-37.8333,140.7667,55.31,94,100,6.91,overcast clouds
212,Vardo,NO,70.3705,31.1107,39.72,92,100,10.25,overcast clouds
213,Poli,TZ,-3.3333,36.8,61.57,94,75,11.5,broken clouds
214,Qaqortoq,GL,60.7167,-46.0333,26.55,88,56,2.93,broken clouds
215,Sassandra,CI,4.95,-6.0833,76.41,89,100,2.57,overcast clouds
216,Sarh,TD,9.1429,18.3923,87.71,51,0,4.61,clear sky
217,Vagur,FO,61.4732,-6.8119,46.04,95,100,25.12,overcast clouds
218,Kahului,US,20.8947,-156.47,84.22,65,20,25.32,few clouds
219,Inta,RU,66.0317,60.1659,27.77,94,100,15.46,overcast clouds
220,Mozhga,RU,56.4447,52.2276,32.18,98,100,9.82,light snow
221,San Andres,CO,12.5847,-81.7006,82.42,74,20,6.91,few clouds
222,Chicama,PE,-7.8447,-79.1469,63.14,80,17,9.35,few clouds
223,Maler Kotla,IN,30.5167,75.8833,78.04,21,1,4.61,clear sky
224,Mokhsogollokh,RU,61.4681,128.9203,32.79,62,100,11.81,overcast clouds
225,Dailly,CH,46.2,7.0333,44.92,76,1,3.38,clear sky
226,Matagami,CA,49.7502,-77.6328,23.11,74,100,13.8,overcast clouds
227,Bria,CF,6.5423,21.9863,72.34,92,100,3.31,overcast clouds
228,Mogadishu,SO,2.0371,45.3438,82.42,82,99,11.59,overcast clouds
229,Cairns,AU,-16.9167,145.7667,86.07,76,75,8.05,broken clouds
230,Mahajanga,MG,-15.7167,46.3167,75.22,83,20,2.3,few clouds
231,Mar Del Plata,AR,-38.0023,-57.5575,64.09,90,0,11.01,clear sky
232,Aripuana,BR,-9.1667,-60.6333,72.64,98,62,2.3,broken clouds
233,Pangnirtung,CA,66.1451,-65.7125,-6.12,100,100,5.17,overcast clouds
234,Siocon,PH,7.7061,122.1353,83.89,72,99,2.53,overcast clouds
235,Sao Gabriel Da Cachoeira,BR,-0.1303,-67.0892,73.78,98,72,1.95,very heavy rain
236,Khandbari,NP,27.3747,87.2039,72.46,36,0,2.59,clear sky
237,Zhezkazgan,KZ,47.8043,67.7144,54.84,64,100,14.27,overcast clouds
238,Porosozero,RU,62.7191,32.727,34.72,97,100,3.4,overcast clouds
239,Noumea,NC,-22.2763,166.4572,84.18,99,50,7.52,scattered clouds
240,Port Elizabeth,ZA,-33.918,25.5701,63.32,99,75,9.22,light rain
241,Green Valley,US,31.8543,-110.9937,89.44,3,0,1.99,clear sky
242,Egvekinot,RU,66.3167,-179.1667,25.77,95,100,12.21,snow
243,Neiafu,TO,-18.65,-173.9833,86.68,74,40,8.05,scattered clouds
244,Bulgan,MN,48.8125,103.5347,46.65,40,15,5.23,few clouds
245,Behshahr,IR,36.6923,53.5526,50.97,72,54,3.38,broken clouds
246,Odweyne,SO,9.4092,45.064,72.43,64,6,5.75,clear sky
247,San Jose,US,37.3394,-121.895,65.86,54,20,14.97,few clouds
248,Lacombe,CA,52.4668,-113.7353,40.28,46,98,4.68,overcast clouds
249,Portland,US,45.5234,-122.6762,58.73,48,100,10.36,overcast clouds
250,Alofi,NU,-19.0595,-169.9187,85.89,70,100,9.22,overcast clouds
251,Markova,UA,48.6758,24.4138,27.39,88,88,3.65,overcast clouds
252,Kodinsk,RU,58.6881,99.1844,39.99,79,100,13.44,overcast clouds
253,Fairbanks,US,64.8378,-147.7164,41.0,26,0,5.75,clear sky
254,Jurm,AF,36.8648,70.8342,58.82,43,99,3.2,overcast clouds
255,Dalkola,IN,25.85,87.85,78.24,77,0,15.77,clear sky
256,Jackson,US,42.4165,-122.8345,61.14,47,0,4.61,clear sky
257,Pringsewu,ID,-5.3582,104.9744,79.83,84,80,1.01,broken clouds
258,Tasiilaq,GL,65.6145,-37.6368,32.13,95,100,8.55,overcast clouds
259,Tuktoyaktuk,CA,69.4541,-133.0374,19.4,58,100,9.22,overcast clouds
260,Kihei,US,20.785,-156.4656,84.22,68,20,25.32,few clouds
261,Marabba,SD,12.35,32.1833,93.49,30,100,5.68,overcast clouds
262,Kargasok,RU,59.0556,80.8572,26.37,76,53,9.84,broken clouds
263,Shimoda,JP,34.6667,138.95,59.36,83,100,6.87,overcast clouds
264,Kavaratti,IN,10.5669,72.642,83.17,71,70,3.0,light rain
265,Sitka,US,57.0531,-135.33,46.29,57,75,9.22,broken clouds
266,Komarikhinskiy,RU,58.0979,57.1163,24.48,91,49,3.83,scattered clouds
267,Ginda,IN,30.6945,78.4932,58.82,30,4,7.7,clear sky
268,Clyde River,CA,70.4692,-68.5914,-14.57,76,100,3.44,light snow
269,Phalaborwa,ZA,-23.943,31.1411,62.67,89,100,5.3,light rain
270,Kautokeino,NO,69.0125,23.0412,34.34,97,100,5.57,overcast clouds
271,San Rafael,AR,-34.6177,-68.3301,63.64,41,3,9.22,clear sky
272,Kruisfontein,ZA,-34.0033,24.7314,58.89,85,100,4.99,light rain
273,Havre-Saint-Pierre,CA,50.2334,-63.5986,37.4,93,100,13.8,overcast clouds
274,Baruun-Urt,MN,46.6806,113.2792,50.94,28,6,15.39,clear sky
275,Mahebourg,MU,-20.4081,57.7,79.09,89,75,1.14,broken clouds
276,Torbay,CA,47.6666,-52.7314,54.37,94,100,24.16,overcast clouds
277,Yerbogachen,RU,61.2767,108.0108,35.42,69,81,14.03,broken clouds
278,Alim,PH,9.5649,122.4876,84.58,68,82,9.28,broken clouds
279,Sinjai,ID,-5.1241,120.253,81.23,82,100,2.13,overcast clouds
280,Keti Bandar,PK,24.1447,67.4497,79.32,90,6,12.17,clear sky
281,Zolotkovo,RU,55.5281,41.1053,27.05,96,69,5.08,broken clouds
282,Nome,US,64.5011,-165.4064,31.15,80,100,16.11,overcast clouds
283,Lisieux,FR,49.1667,0.1667,48.56,91,1,4.99,clear sky
284,Armeria,MX,18.9333,-103.9667,76.3,71,91,3.87,overcast clouds
285,Lakatoro,VU,-16.0999,167.4164,84.69,69,28,3.06,scattered clouds
286,Loa Janan,ID,-0.583,117.095,84.02,72,80,3.87,broken clouds
287,Bowmore,US,34.9421,-79.3031,75.04,41,20,11.5,few clouds
288,Dauphin,CA,51.1494,-100.0502,26.74,68,100,0.0,overcast clouds
289,Walvis Bay,NA,-22.9575,14.5053,64.06,65,6,5.17,clear sky
290,Bluefield,US,37.2698,-81.2223,54.97,24,0,3.44,clear sky
291,Launceston,AU,-41.45,147.1667,62.24,89,75,6.91,broken clouds
292,Russell,US,32.3502,-85.1999,66.11,93,40,3.44,scattered clouds
293,El Rosario,MX,24.2556,-107.1828,81.21,37,70,9.37,broken clouds
294,Rundu,NA,-17.9333,19.7667,63.64,94,49,4.03,light rain
295,Kalmunai,LK,7.4167,81.8167,78.75,86,66,4.7,broken clouds
296,Praxedis Guerrero,MX,31.3667,-106.0167,79.81,6,0,4.52,clear sky
297,Beatrice,US,40.2681,-96.747,45.45,65,0,10.36,clear sky
298,Belaya Gora,RU,68.5333,146.4167,17.76,87,99,3.22,overcast clouds
299,Bethanien,NA,-26.502,17.1583,65.82,40,0,4.56,clear sky
300,Corner Brook,CA,48.9667,-57.9484,35.35,86,97,17.56,overcast clouds
301,Tezu,IN,27.9167,96.1667,61.02,94,100,7.43,overcast clouds
302,Waingapu,ID,-9.6567,120.2641,83.37,78,38,5.99,scattered clouds
303,Tres Lagoas,BR,-20.7511,-51.6783,63.12,72,0,6.29,clear sky
304,Mackay,AU,-21.15,149.2,80.69,73,40,17.27,scattered clouds
305,Erzin,TR,36.9559,36.2,65.25,34,98,10.76,overcast clouds
306,Praia Da Vitoria,PT,38.7333,-27.0667,59.25,77,40,15.5,scattered clouds
307,Bandarbeyla,SO,9.4942,50.8122,80.37,82,16,8.55,few clouds
308,Antsohihy,MG,-14.8796,47.9875,71.47,81,3,4.72,clear sky
309,Husavik,IS,66.0449,-17.3389,38.66,98,100,4.38,light rain
310,Bengkulu,ID,-3.8004,102.2655,78.87,87,65,3.85,broken clouds
311,Preston,GB,53.7667,-2.7167,52.68,93,47,6.78,light rain
312,Tieling,CN,42.2931,123.8414,57.63,23,0,11.77,clear sky
313,Port-Gentil,GA,-0.7193,8.7815,80.33,84,100,8.5,moderate rain
314,Tambacounda,SN,13.7539,-13.7586,89.2,15,7,6.89,clear sky
315,Lebu,CL,-37.6167,-73.65,52.61,91,18,7.83,few clouds
316,Tuatapere,NZ,-46.1333,167.6833,61.48,57,51,2.48,broken clouds
317,Okhotsk,RU,59.3833,143.3,25.9,80,99,3.33,overcast clouds
318,Juba,SS,4.8517,31.5825,78.03,56,39,2.08,scattered clouds
319,Maniitsoq,GL,65.4167,-52.9,22.77,84,100,1.79,overcast clouds
320,Stornoway,GB,58.2093,-6.3865,48.16,97,75,13.8,broken clouds
321,Chernyshevskiy,RU,63.0128,112.4714,28.76,81,100,15.57,overcast clouds
322,Coquimbo,CL,-29.9533,-71.3436,59.92,79,1,1.21,clear sky
323,Hofn,IS,64.2539,-15.2082,44.46,78,0,2.84,clear sky
324,Mao,ES,39.8885,4.2658,50.56,87,0,4.61,clear sky
325,Itabira,BR,-19.6192,-43.2269,60.37,93,21,1.83,few clouds
326,Ajdabiya,LY,30.7554,20.2263,60.28,82,28,13.85,scattered clouds
327,Ayia Galini,GR,35.1,24.6833,60.75,69,51,3.0,broken clouds
328,Constantine,DZ,36.365,6.6147,47.61,76,0,2.3,clear sky
329,Makokou,GA,0.5738,12.8642,70.88,98,100,1.54,overcast clouds
330,Laon,FR,49.5667,3.6667,44.46,75,100,6.35,overcast clouds
331,Ngunguru,NZ,-35.6167,174.5,66.47,93,100,23.58,light rain
332,Sao Joao Da Barra,BR,-21.6403,-41.0511,69.51,77,0,10.96,clear sky
333,Kitimat,CA,54.0524,-128.6534,55.9,31,15,1.54,few clouds
334,Baillif,GP,16.0202,-61.7463,77.65,65,100,14.23,overcast clouds
335,Cape Coast,GH,5.1053,-1.2466,79.93,85,94,8.68,light rain
336,Vallenar,CL,-28.5708,-70.7581,64.22,59,0,1.97,clear sky
337,Kikwit,CD,-5.041,18.8162,71.22,95,100,1.36,overcast clouds
338,Hundested,DK,55.9667,11.8667,40.21,84,9,4.5,clear sky
339,Helong,CN,42.5397,128.9972,47.48,41,100,6.8,overcast clouds
340,Whithorn,JM,18.2604,-78.0378,74.46,89,0,1.5,clear sky
341,Santa Catarina De Tepehuanes,MX,25.35,-105.7333,77.92,13,18,2.82,few clouds
342,Arman,RU,59.7,150.1667,27.55,70,100,1.16,overcast clouds
343,Milverton,CA,43.5668,-80.9164,37.67,57,5,5.57,clear sky
344,Hovd,MN,48.0056,91.6419,45.7,21,1,6.49,clear sky
345,Galveston,US,29.3669,-94.9669,82.51,81,0,10.36,clear sky
346,Giyani,ZA,-23.3025,30.7187,62.35,88,100,2.55,overcast clouds
347,Carutapera,BR,-1.195,-46.02,76.14,91,100,2.44,overcast clouds
348,Manokwari,ID,-0.8667,134.0833,83.39,68,100,3.71,overcast clouds
349,Tiznit,MA,29.5833,-9.5,72.32,23,100,1.63,overcast clouds
350,Chaman,PK,30.9236,66.4512,70.56,36,100,9.24,overcast clouds
351,Presidencia Roque Saenz Pena,AR,-26.7852,-60.4388,59.45,83,0,5.48,clear sky
352,Camapua,BR,-19.5314,-54.0439,65.07,58,0,6.17,clear sky
353,Sur,OM,22.5667,59.5289,85.1,46,0,8.88,clear sky
354,Kaseda,JP,31.4167,130.3167,63.95,55,99,1.48,overcast clouds
355,Srivardhan,IN,18.0333,73.0167,77.4,77,1,2.42,clear sky
356,Ahipara,NZ,-35.1667,173.1667,69.96,89,100,12.68,light rain
357,Requena,ES,39.4883,-1.1004,49.51,67,99,2.53,overcast clouds
358,San Patricio,US,28.017,-97.5169,82.54,76,18,8.79,few clouds
359,Batemans Bay,AU,-35.7167,150.1833,68.09,45,100,1.3,overcast clouds
360,Hun,LY,29.1268,15.9477,59.22,63,1,0.43,clear sky
361,Mysliborz,PL,52.9238,14.8679,41.49,85,42,5.39,scattered clouds
362,Esil,KZ,51.9556,66.4042,47.32,59,100,9.28,overcast clouds
363,Mikkeli,FI,61.6886,27.2723,35.15,93,0,3.44,clear sky
364,Gigmoto,PH,13.7796,124.39,82.54,67,18,10.78,few clouds
365,Talnakh,RU,69.4865,88.3972,4.21,94,100,5.01,overcast clouds
366,Oistins,BB,13.0667,-59.5333,78.89,73,75,18.41,broken clouds
367,Fort Smith,US,35.3859,-94.3986,55.38,80,100,3.44,overcast clouds
368,Fairhope,US,30.523,-87.9033,74.95,62,75,5.75,broken clouds
369,Sechenovo,RU,55.2244,45.8906,29.23,98,100,7.0,overcast clouds
370,Bichura,RU,50.5881,107.6022,57.02,26,76,5.35,broken clouds
371,Port Lincoln,AU,-34.7333,135.8667,62.92,64,100,8.88,overcast clouds
372,Estelle,US,29.8458,-90.1067,80.6,70,40,16.11,scattered clouds
373,Nasirabad,IN,26.3,74.7333,80.19,34,0,20.62,clear sky
374,Molave,PH,8.0844,123.491,84.43,72,97,0.31,overcast clouds
375,Znamenskoye,RU,57.1281,73.8282,32.23,84,69,1.7,broken clouds
376,Ca Mau,VN,9.1769,105.15,85.1,66,98,9.22,overcast clouds
377,Nahan,IN,30.55,77.3,74.08,26,0,5.01,clear sky
378,Murud,IN,18.3258,72.965,77.61,75,5,1.03,clear sky
379,Kipushi,CD,-11.7667,27.2333,59.45,98,9,3.44,clear sky
380,Padang,ID,-0.9492,100.3543,75.25,87,100,3.76,moderate rain
381,Seymchan,RU,62.8833,152.4333,20.7,83,100,3.42,overcast clouds
382,Port Blair,IN,11.6667,92.75,77.04,94,40,1.14,mist
383,Vila Velha,BR,-20.3297,-40.2925,75.15,81,75,11.5,broken clouds
384,Tramore,IE,52.1624,-7.1524,44.47,72,45,1.99,scattered clouds
385,Beyneu,KZ,45.3167,55.2,58.89,41,0,7.05,clear sky
386,Utete,TZ,-7.986,38.758,72.1,97,46,2.68,scattered clouds
387,Robertsport,LR,6.7533,-11.3686,79.52,84,100,5.32,overcast clouds
388,Bara,NG,10.3744,10.7288,82.36,59,100,6.78,light rain
389,Romanovka,RU,51.7443,42.7527,46.65,90,100,8.52,light rain
390,Trofors,NO,65.5333,13.4063,30.87,85,100,4.45,overcast clouds
391,Shizunai,JP,42.3339,142.3669,46.53,71,100,6.53,overcast clouds
392,Lavrentiya,RU,65.5833,-171.0,31.64,97,100,14.56,snow
393,Yazman,PK,29.1212,71.7446,83.07,28,25,4.85,scattered clouds
394,Marzuq,YE,14.4,46.4667,71.53,41,2,3.78,clear sky
395,Makakilo City,US,21.3469,-158.0858,80.92,61,75,18.41,light rain
396,Westport,US,41.1415,-73.3579,46.56,43,0,9.22,clear sky
397,Ostrovnoy,RU,68.0531,39.5131,33.15,92,100,8.34,overcast clouds
398,Garowe,SO,8.4054,48.4845,77.29,76,99,10.07,light rain
399,Santiago De Cao,PE,-7.9589,-79.2392,64.53,82,11,8.05,fog
400,Zhanakorgan,KZ,43.9098,67.2495,64.94,42,100,11.99,overcast clouds
401,Reconquista,AR,-29.15,-59.65,59.74,80,0,4.85,clear sky
402,Warwick,US,41.7001,-71.4162,44.89,53,20,8.05,few clouds
403,Rosetta,EG,31.4044,30.4164,66.06,76,100,17.65,overcast clouds
404,Hambantota,LK,6.1241,81.1185,73.74,100,20,0.0,few clouds
405,Rio Grande,BR,-32.035,-52.0986,62.94,78,100,12.08,overcast clouds
406,Ancud,CL,-41.8697,-73.8203,55.22,88,77,5.88,broken clouds
407,Itarema,BR,-2.9248,-39.9167,77.47,89,80,5.99,broken clouds
408,Port-Cartier,CA,50.0334,-66.8654,41.22,72,100,16.31,overcast clouds
409,Kenai,US,60.5544,-151.2583,47.03,49,100,3.44,overcast clouds
410,Wanaka,NZ,-44.7,169.15,58.1,59,0,1.01,clear sky
411,Gorontalo,ID,0.5412,123.0595,86.99,61,43,1.28,scattered clouds
412,Hay River,CA,60.8156,-115.7999,15.78,45,20,4.61,few clouds
413,Iskateley,RU,67.6803,53.1512,32.18,98,100,8.5,overcast clouds
414,Mount Darwin,ZW,-16.7725,31.5838,62.04,95,0,1.99,clear sky
415,Da Nang,VN,16.0678,108.2208,82.38,69,20,1.14,few clouds
416,Saint-Francois,FR,46.4154,3.9054,43.68,84,0,2.3,clear sky
417,Kendallville,US,41.4414,-85.265,42.22,56,0,10.36,clear sky
418,College,US,64.8569,-147.8028,40.98,26,0,5.75,clear sky
419,Bandundu,CD,-3.3167,17.3667,74.71,89,100,2.37,overcast clouds
420,Vestmannaeyjar,IS,63.4427,-20.2734,42.44,70,9,4.16,clear sky
421,Riyadh,SA,24.6877,46.7219,68.14,22,0,3.87,clear sky
422,Almaznyy,RU,48.0448,40.045,52.61,69,100,9.75,overcast clouds
423,Domoni,KM,-12.2569,44.5319,78.1,86,16,3.24,few clouds
424,Victor Harbor,AU,-35.5667,138.6167,63.0,80,100,13.0,light rain
425,Svetlaya,RU,46.5389,138.3297,44.17,49,12,5.61,few clouds
426,Price,US,39.5994,-110.8107,64.11,14,0,18.41,clear sky
427,Anaconda,US,46.1285,-112.9423,38.39,70,92,5.73,overcast clouds
428,Te Anau,NZ,-45.4167,167.7167,62.6,52,13,4.23,few clouds
429,Pimentel,PE,-6.8367,-79.9342,66.56,84,30,12.97,scattered clouds
430,Calama,CL,-22.4667,-68.9333,49.05,19,0,2.17,clear sky
431,Puerto Escondido,MX,15.85,-97.0667,85.03,74,0,5.75,clear sky
432,Tual,ID,-5.6667,132.75,83.88,73,100,7.63,overcast clouds
433,Comodoro Rivadavia,AR,-45.8667,-67.5,62.46,48,0,4.61,clear sky
434,Iberia,US,29.9502,-91.7507,78.87,73,20,11.5,few clouds
435,Columbus,US,39.9612,-82.9988,46.92,44,20,11.5,few clouds
436,Hobyo,SO,5.3505,48.5268,82.54,80,100,15.43,light rain
437,Pandamatenga,BW,-18.5278,25.627,62.4,93,14,6.55,few clouds
438,Panzhihua,CN,26.5851,101.7128,62.58,52,97,4.61,overcast clouds
439,Omoa,HN,15.7667,-88.0333,82.58,84,5,7.94,clear sky
440,Nanakuli,US,21.3906,-158.1547,82.35,59,75,16.11,light rain
441,Smithers,CA,54.7804,-127.1743,50.32,17,40,2.3,scattered clouds
442,Guarapari,BR,-20.6667,-40.4975,73.89,80,46,10.11,scattered clouds
443,Zhigansk,RU,66.7697,123.3711,29.37,79,100,29.44,overcast clouds
444,Bosilegrad,RS,42.5011,22.4724,32.41,94,100,9.51,light snow
445,Rawson,AR,-43.3002,-65.1023,60.78,73,0,23.78,clear sky
446,Qui Nhon,VN,13.7667,109.2333,77.76,80,23,7.78,few clouds
447,Ambilobe,MG,-13.2,49.05,70.93,91,93,2.82,overcast clouds
448,Kibala,TD,9.1104,18.3463,87.75,51,0,4.61,clear sky
449,Rockland,US,41.1668,-74.0496,45.23,44,0,1.99,clear sky
450,Kysyl-Syr,RU,63.8986,122.7617,28.58,96,100,13.65,snow
451,Cardston,CA,49.2,-113.3019,37.49,48,42,6.91,scattered clouds
452,Conde,BR,-7.2597,-34.9075,78.26,89,20,4.61,few clouds
453,Manta,EC,-0.95,-80.7333,80.38,74,40,10.36,scattered clouds
454,Aberdeen,GB,57.1437,-2.0981,46.49,94,75,2.3,broken clouds
455,Aleksandrovka,UA,46.8383,32.7612,38.68,93,100,14.83,light rain
456,Olinda,BR,-8.0089,-34.8553,83.93,65,20,9.22,few clouds
457,Ketchikan,US,55.3422,-131.6461,50.47,32,20,6.91,few clouds
458,Vila Franca Do Campo,PT,37.7167,-25.4333,59.41,73,84,11.1,broken clouds
459,Tlaxco,MX,19.6167,-98.1167,65.89,49,100,8.75,overcast clouds
460,Tura,IN,25.5198,90.2201,71.83,88,5,4.54,clear sky
461,Brae,GB,60.3964,-1.353,45.88,82,100,21.07,overcast clouds
462,Berlevag,NO,70.8578,29.0864,40.8,94,100,15.28,overcast clouds
463,Kununurra,AU,-15.7667,128.7333,85.98,70,0,5.75,clear sky
464,Ejura,GH,7.3856,-1.3562,77.65,81,100,6.24,overcast clouds
465,Salalah,OM,17.0151,54.0924,82.49,83,75,3.44,broken clouds
466,Svetlogorsk,BY,52.6333,29.7333,33.85,92,100,9.31,overcast clouds
467,Los Llanos De Aridane,ES,28.6585,-17.9182,71.35,38,100,10.36,overcast clouds
468,Farsund,NO,58.0948,6.8047,41.95,100,37,6.15,scattered clouds
469,Nakusp,CA,50.2499,-117.8023,53.94,24,42,3.44,scattered clouds
470,Thunder Bay,CA,48.4001,-89.3168,30.29,80,100,12.66,overcast clouds
471,Mashhad,IR,36.297,59.6062,48.34,100,100,4.61,overcast clouds
472,Raga,SS,8.4596,25.678,78.03,55,9,3.87,light rain
473,Eyl,SO,7.9803,49.8164,81.03,82,35,8.1,scattered clouds
474,Yaan,NG,7.3833,8.5667,79.09,76,100,8.41,light rain
475,Bardejov,SK,49.2918,21.2727,35.28,95,94,4.81,overcast clouds
476,San Juan Bautista,PE,-14.0108,-75.7358,67.39,69,0,4.32,clear sky
477,Poum,NC,-20.2333,164.0167,75.83,75,100,1.36,overcast clouds
478,Mosquera,CO,4.7059,-74.2302,59.09,77,40,4.61,scattered clouds
479,Port Hedland,AU,-20.3167,118.5667,87.85,27,13,24.16,few clouds
480,Haines Junction,CA,60.7522,-137.5108,33.75,32,100,5.75,overcast clouds
481,Shushtar,IR,32.0455,48.8567,67.86,20,0,3.29,clear sky
482,Camacupa,AO,-12.0167,17.4833,60.51,98,100,3.51,light rain
483,Hoi An,VN,15.8794,108.335,82.36,80,100,3.74,overcast clouds
484,Baoding,CN,38.8511,115.4903,62.33,35,100,6.17,overcast clouds
485,Zhanaozen,KZ,43.3,52.8,54.97,50,0,4.54,clear sky
486,Aswan,EG,24.0934,32.907,82.56,15,9,5.66,clear sky
487,Bonnyville,CA,54.2668,-110.735,39.0,73,26,5.19,scattered clouds
488,Slave Lake,CA,55.2834,-114.769,37.38,48,20,3.44,few clouds
489,Annau,TM,37.8876,58.516,51.3,93,100,9.22,light rain
490,Saiha,IN,22.4833,92.9667,71.37,74,95,1.39,overcast clouds
491,Vostok,RU,46.4856,135.8833,37.87,52,97,9.19,overcast clouds
492,Pedernales,DO,18.0384,-71.744,78.6,71,94,9.66,overcast clouds
493,Akom,CM,2.6678,12.7109,66.94,97,100,2.04,light rain
494,Algiers,DZ,36.7525,3.042,51.62,94,20,3.44,few clouds
495,Evensk,RU,61.95,159.2333,30.54,81,100,2.01,overcast clouds
496,Yzeure,FR,46.5644,3.355,43.21,77,100,0.67,overcast clouds
497,Half Moon Bay,US,37.4636,-122.4286,64.06,63,0,20.71,clear sky
498,Penzance,GB,50.1186,-5.5371,47.08,71,55,13.87,broken clouds
499,Wajir,KE,1.7471,40.0573,80.49,71,86,14.0,light rain
500,Togur,RU,58.3631,82.8265,28.87,76,95,8.5,overcast clouds
501,Ilulissat,GL,69.2167,-51.1,14.02,73,40,5.75,scattered clouds
502,Saint-Joseph,RE,-21.3667,55.6167,73.78,86,4,9.28,clear sky
503,Zharkent,KZ,44.1628,80.0,63.77,17,28,4.83,scattered clouds
504,Cedeno,CO,7.0464,-72.1634,72.09,95,100,1.23,overcast clouds
505,Honningsvag,NO,70.9821,25.9704,42.55,81,100,9.22,overcast clouds
506,Nichinan,JP,31.6,131.3667,62.28,54,99,1.7,overcast clouds
507,Shemonaikha,KZ,50.6328,81.9056,49.15,44,79,5.77,broken clouds
508,Hohhot,CN,40.8106,111.6522,43.09,87,0,2.24,clear sky
509,Elat,IL,29.5581,34.9482,75.04,22,0,0.0,clear sky
510,Hokitika,NZ,-42.7167,170.9667,62.62,58,0,3.74,clear sky
511,Mpika,ZM,-11.8343,31.4529,61.0,97,97,7.9,overcast clouds
512,Bon Accord,CA,53.8335,-113.4187,42.62,53,58,1.68,broken clouds
513,Yantai,CN,37.5333,121.4,58.59,42,100,5.44,overcast clouds
514,Ningxiang,CN,37.34,111.2052,42.1,71,92,13.13,overcast clouds
515,Boa Vista,BR,2.8197,-60.6733,85.98,58,40,6.91,scattered clouds
516,Bongandanga,CD,1.5,21.05,71.74,95,98,1.83,light rain
517,Molina,CL,-35.1167,-71.2833,57.11,59,5,1.1,clear sky
518,Barcelos,PT,41.5388,-8.6151,57.85,90,0,5.99,clear sky
519,San Lazaro,BZ,18.0387,-88.6622,78.15,73,5,8.43,clear sky
520,San Carlos De Bariloche,AR,-41.1456,-71.3082,55.15,67,75,6.91,broken clouds
521,Vao,NC,-22.6667,167.4833,76.98,71,25,5.66,scattered clouds
522,Beringovskiy,RU,63.05,179.3167,31.28,97,100,9.48,light snow
523,Jining,CN,35.405,116.5814,62.47,46,16,10.2,few clouds
524,Teya,RU,60.3778,92.6267,26.22,86,100,9.44,light snow
525,Klaksvik,FO,62.2266,-6.589,47.32,97,100,15.39,light rain
526,San Quintin,MX,30.4833,-115.95,63.01,73,1,19.22,clear sky
527,Trelew,AR,-43.249,-65.3051,62.11,65,0,22.59,clear sky
528,Santa Maria,BR,-29.6842,-53.8069,61.9,82,0,4.61,clear sky
529,Yangambi,CD,0.8102,24.4336,70.43,95,100,0.49,overcast clouds
530,Mukacheve,UA,48.4392,22.7178,31.3,77,12,6.51,few clouds
531,Tessalit,ML,20.1986,1.0114,71.65,23,0,10.27,clear sky
532,Udachnyy,RU,66.4167,112.4,23.97,94,100,24.34,light snow
533,Ha Tinh,VN,18.3333,105.9,71.51,94,100,6.96,overcast clouds
534,Shamgarh,IN,24.1833,75.6333,80.47,28,0,10.0,clear sky
535,Bubaque,GW,11.2833,-15.8333,74.82,77,5,15.64,clear sky
536,Trat,TH,12.5,102.5,80.91,76,92,2.13,light rain
537,Wenling,CN,28.3669,121.36,57.78,72,100,4.16,overcast clouds
538,Pirenopolis,BR,-15.8525,-48.9592,77.49,67,100,2.55,overcast clouds
539,Kashi,CN,39.4547,75.9797,56.41,24,0,4.47,dust
540,Gornopravdinsk,RU,60.05,69.9,22.12,95,14,5.26,few clouds
541,Talaya,RU,61.3833,152.75,14.29,75,100,0.89,overcast clouds
542,Corinto,GR,37.9407,22.9573,56.41,75,100,8.21,overcast clouds
543,Quebrada Bonita Adentro,PA,9.3,-79.7,80.78,80,83,3.44,broken clouds
544,Zhigalovo,RU,54.8097,105.1578,48.6,82,100,4.54,overcast clouds
545,Biak,ID,-0.9131,122.8766,82.27,67,100,1.97,overcast clouds
546,Hirara,JP,24.8,125.2833,75.47,69,40,9.22,scattered clouds
547,Ampanihy,MG,-24.7,44.75,71.92,90,92,6.17,overcast clouds
548,Daltenganj,IN,24.0333,84.0667,81.41,14,0,4.59,clear sky
549,Vuktyl,RU,63.8567,57.3094,23.41,95,28,6.29,scattered clouds
550,Bagepalli,IN,13.7847,77.7931,74.84,61,7,2.98,clear sky
551,Along,IN,28.1667,94.7667,64.08,92,100,1.34,overcast clouds
552,Lukovetskiy,RU,64.2956,41.9211,32.38,98,100,4.81,overcast clouds
553,Mathathane,BW,-22.2687,28.7495,62.76,86,100,6.8,light rain
554,Vilhena,BR,-12.7406,-60.1458,68.04,95,33,3.22,scattered clouds
555,Mahanoro,MG,-19.9,48.8,73.4,91,40,2.06,light rain
556,Phalombe,MW,-15.8064,35.6507,64.54,98,18,3.09,few clouds
557,Telimele,GN,10.9167,-13.3333,74.7,67,100,5.32,overcast clouds
558,Arlit,NE,18.7369,7.3853,75.78,15,100,6.06,overcast clouds
559,Broome,US,42.2506,-75.833,35.65,59,0,1.99,clear sky
560,Semey,KZ,50.4111,80.2275,41.22,60,0,8.95,clear sky
561,Santa Cruz De Tenerife,ES,28.4682,-16.2546,79.61,39,40,8.05,haze
562,Ballina,AU,-28.8667,153.5667,73.78,77,100,6.91,overcast clouds
563,Khartoum,SD,15.5518,32.5324,84.02,32,3,2.98,clear sky
564,Luderitz,NA,-26.6481,15.1594,68.27,47,0,10.2,clear sky
565,Port Keats,AU,-14.25,129.55,88.38,58,42,0.67,scattered clouds
566,Karlsfeld,DE,48.2167,11.4667,34.63,81,5,6.96,clear sky
567,Beboto,TD,8.2668,16.939,80.31,60,100,7.29,overcast clouds
568,Keetmanshoop,NA,-26.5833,18.1333,68.43,50,0,11.61,clear sky
569,Palmer,US,42.1584,-72.3287,42.4,59,20,6.91,few clouds
570,Turbat,PK,26.0023,63.044,80.56,49,0,3.49,clear sky
571,Ulladulla,AU,-35.35,150.4667,75.78,47,100,3.6,overcast clouds
572,Komsomolskiy,UZ,40.4272,71.7189,63.32,42,32,6.91,scattered clouds
573,Coyula,MX,20.6333,-103.2,83.59,10,98,3.71,overcast clouds
574,Letlhakane,BW,-21.4167,25.5833,61.41,92,28,9.84,scattered clouds
575,Thinadhoo,MV,0.5333,72.9333,83.43,70,100,9.55,overcast clouds
576,Naryan-Mar,RU,67.6713,53.087,32.22,98,100,8.41,overcast clouds
577,Longuenesse,FR,50.734,2.2352,51.42,79,100,8.93,overcast clouds
578,Souillac,MU,-20.5167,57.5167,79.18,89,75,1.14,light rain
579,Marsh Harbour,BS,26.5412,-77.0636,76.37,80,58,12.39,broken clouds
580,Storslett,NO,69.7678,21.0247,37.4,93,100,0.0,overcast clouds
581,Rocha,UY,-34.4833,-54.3333,56.84,92,100,3.94,moderate rain
582,Wuwei,CN,37.9281,102.6414,44.24,34,0,4.12,clear sky
583,Heihe,CN,50.2441,127.4902,45.18,28,33,6.96,scattered clouds
584,Khorinsk,RU,52.1657,109.7726,51.12,50,100,4.99,overcast clouds
585,Nemuro,JP,43.3236,145.575,43.12,82,100,15.59,overcast clouds
586,Muros,ES,42.7762,-9.0603,57.83,77,81,12.5,broken clouds
587,Imaculada,BR,-7.3897,-37.5092,69.42,83,80,3.8,moderate rain
588,Obo,CF,5.3998,26.4869,70.29,74,16,3.58,few clouds
589,Cavalcante,BR,-13.7975,-47.4583,68.04,90,35,4.12,scattered clouds
590,Appleton,US,44.2619,-88.4154,38.88,56,75,8.05,broken clouds
591,Itupiranga,BR,-5.1347,-49.3267,74.64,93,100,0.47,overcast clouds
592,Renqiu,CN,38.6989,116.0936,62.73,32,100,2.17,overcast clouds
593,Kuvshinovo,RU,57.0295,34.1725,24.44,92,28,3.47,scattered clouds
594,Mount Isa,AU,-20.7333,139.5,85.77,21,0,6.91,clear sky
595,Swan River,CA,52.1058,-101.2676,30.09,37,100,3.44,overcast clouds
596,Barcelona,ES,41.3888,2.159,60.55,65,0,5.75,clear sky
597,Kandi,BJ,11.1342,2.9386,87.13,18,100,5.03,overcast clouds
598,Gilgit,PK,35.9221,74.3087,59.76,40,9,3.94,clear sky
599,Cardoso,BR,-20.0819,-49.9142,65.28,71,0,6.78,clear sky
600,Kourou,GF,5.1552,-52.6478,81.1,89,79,7.18,broken clouds
601,Trapani,IT,37.8333,12.6667,53.69,76,40,12.66,scattered clouds
602,Sorong,ID,-0.8833,131.25,85.62,69,100,12.17,overcast clouds
603,Meadow Lake,US,34.8014,-106.5436,77.49,7,0,12.73,clear sky
604,Rapid Valley,US,44.0625,-103.1463,42.31,40,0,35.68,clear sky
605,Agadez,NE,19.75,10.25,75.7,16,100,9.86,overcast clouds
606,Fukue,JP,32.6881,128.8419,61.16,48,0,3.44,clear sky
607,Novaya Zaimka,RU,56.4857,66.9241,33.62,74,100,3.4,overcast clouds
608,Amga,RU,60.8953,131.9608,34.66,61,13,10.33,few clouds
609,Nouadhibou,MR,20.931,-17.0347,66.18,94,40,8.05,scattered clouds
610,Kawalu,ID,-7.3817,108.2082,79.72,79,82,1.88,broken clouds
611,Uinskoye,RU,56.8817,56.5813,32.67,99,100,6.49,light snow
612,Varnavino,RU,57.4035,45.0916,26.42,92,8,4.45,clear sky
613,Ulagan,RU,50.6321,87.9563,40.55,58,100,1.57,overcast clouds
614,Businga,CD,3.3333,20.8833,70.7,98,58,0.43,moderate rain
615,Kaeo,NZ,-35.1,173.7833,68.32,98,100,16.78,light rain
616,Santa Marta De Tormes,ES,40.9506,-5.6272,51.82,71,0,8.05,clear sky
617,Gornoye Loo,RU,43.7129,39.6049,60.58,54,100,4.07,overcast clouds
618,Frontino,CO,6.7801,-76.1288,64.47,98,99,1.3,overcast clouds
619,Seminole,US,28.7086,-81.2081,79.16,76,0,10.36,clear sky
620,Coihaique,CL,-45.5752,-72.0662,50.61,76,75,4.61,broken clouds
621,Lakhdenpokhya,RU,61.5198,30.1992,35.49,90,100,3.94,overcast clouds
622,Mecca,SA,21.4267,39.8261,79.72,36,7,2.51,clear sky
623,Deputatskiy,RU,69.3,139.9,8.26,92,95,3.94,overcast clouds
624,Tatawin,TN,32.9297,10.4518,59.09,77,96,8.12,light rain
625,Tutrakan,BG,44.05,26.6167,40.32,71,100,11.74,overcast clouds
626,Cartagena Del Chaira,CO,1.3349,-74.8429,72.91,98,86,1.99,overcast clouds
627,Sarti,GR,40.1,23.9833,47.71,82,100,19.37,overcast clouds
628,Carahue,CL,-38.7,-73.1667,49.17,88,3,2.15,clear sky
629,Longonjo,AO,-12.9067,15.2533,62.98,95,100,2.57,overcast clouds
630,Karratha,AU,-20.7377,116.8463,87.3,33,6,23.29,clear sky
631,Cotonou,BJ,6.3654,2.4183,84.18,84,40,9.22,thunderstorm
632,Kandrian,PG,-6.2167,149.55,86.99,65,100,5.03,overcast clouds
633,Omboue,GA,-1.5746,9.2618,77.95,91,100,3.91,light rain
634,Jardim De Piranhas,BR,-6.3786,-37.3519,77.5,84,98,3.74,heavy intensity rain
635,Discovery Bay,US,37.9085,-121.6002,72.37,39,0,10.36,clear sky
636,Tahta,EG,26.7693,31.5021,85.35,12,100,8.97,overcast clouds
637,Oksfjord,NO,70.2396,22.3479,42.01,97,100,8.95,overcast clouds
638,Mayo,US,38.8876,-76.5119,51.75,44,0,13.0,clear sky
639,Goderich,CA,43.7501,-81.7165,35.92,64,5,9.22,clear sky
640,Necochea,AR,-38.5473,-58.7368,58.93,83,100,9.82,overcast clouds
641,Dannenberg,DE,53.0967,11.09,42.15,84,8,3.94,clear sky
642,Biltine,TD,14.5333,20.9167,88.05,33,100,3.91,overcast clouds
643,Atar,MR,20.5169,-13.0499,85.59,12,100,2.59,overcast clouds
644,Nosy Varika,MG,-20.5833,48.5333,72.48,92,42,2.75,light rain
645,Jundiai,BR,-23.1864,-46.8842,61.65,95,2,5.97,clear sky
646,Batagay-Alyta,RU,67.8006,130.4114,7.02,88,100,3.69,overcast clouds
647,Linjiang,CN,41.8069,126.9078,54.39,42,14,7.96,few clouds
648,Kismayo,SO,-0.3582,42.5454,82.33,77,100,13.09,overcast clouds
649,Lermontovka,RU,47.1453,134.3383,44.4,51,47,6.96,scattered clouds
650,Panaba,MX,21.2833,-88.2667,76.77,75,0,13.13,clear sky
651,Inga,BR,-7.2808,-35.6044,77.45,96,69,1.74,broken clouds
652,Esso,RU,55.9333,158.7,26.4,77,100,5.23,overcast clouds
653,Kachiry,KZ,53.0675,76.1036,48.63,66,100,11.45,overcast clouds
654,Camacha,PT,33.0833,-16.3333,58.42,82,20,10.36,few clouds
655,Taybad,IR,34.74,60.7756,49.3,84,100,18.99,moderate rain
656,Pontianak,ID,-0.0333,109.3333,76.98,94,20,4.61,light rain
657,Sept-Iles,CA,50.2001,-66.3821,41.52,65,75,11.5,broken clouds
658,Pathein,MM,16.7833,94.7333,84.9,67,2,8.99,clear sky
659,Seoul,KR,37.5683,126.9778,56.8,47,75,5.75,broken clouds
660,Bonavista,CA,48.6499,-53.1147,38.66,99,100,16.53,overcast clouds
661,Bischofswerda,DE,51.1277,14.1797,44.74,79,63,2.64,broken clouds
662,Nouakchott,MR,18.0858,-15.9785,64.33,85,13,15.79,few clouds
663,Lianyuan,CN,27.6883,111.6642,56.23,81,100,1.9,light rain
664,Beruwala,LK,6.4788,79.9828,80.96,80,100,3.42,overcast clouds
665,Saint-Georges,GD,12.0564,-61.7485,78.48,83,20,17.27,few clouds
666,Moussoro,TD,13.6408,16.4901,89.83,25,99,10.04,overcast clouds
667,Manicore,BR,-5.8092,-61.3003,74.23,98,98,1.95,overcast clouds
668,Leh,IN,34.1667,77.5833,35.37,45,0,2.3,clear sky
669,Luanda,AO,-8.8368,13.2343,78.8,89,75,5.75,broken clouds
670,Finschhafen,PG,-6.6024,147.8681,85.26,70,100,3.96,moderate rain
671,Kang,BW,-23.6752,22.7876,60.78,87,0,5.44,clear sky
672,Beisfjord,NO,68.3751,17.5988,43.05,89,100,6.11,overcast clouds
673,Japura,ID,-0.3167,102.35,74.91,99,100,2.17,overcast clouds
674,Chihuahua,MX,28.5,-106.0,78.94,7,100,13.53,overcast clouds
675,Biala Podlaska,PL,52.0324,23.1165,32.52,77,20,6.33,few clouds
676,Rawah,IQ,34.4816,41.9093,66.42,20,81,3.42,broken clouds
677,Skjervoy,NO,70.0311,20.9714,37.4,89,100,8.52,overcast clouds
678,San Cristobal,VE,7.7669,-72.225,69.98,96,100,3.15,overcast clouds
679,Aksu,CN,41.1231,80.2644,55.92,17,3,5.19,clear sky
680,Panalingaan,PH,8.7842,117.4231,83.79,72,100,1.03,overcast clouds
681,Menongue,AO,-14.6585,17.691,61.38,96,17,3.53,few clouds
682,Port Hardy,CA,50.6996,-127.4199,51.98,50,75,20.71,broken clouds
683,Iwaki,JP,37.05,140.8833,65.77,68,94,5.01,overcast clouds
684,Noyabrsk,RU,63.1994,75.4507,16.32,95,60,8.01,broken clouds
685,Lexington,US,37.9887,-84.4777,50.34,47,0,10.36,clear sky
686,Sungaipenuh,ID,-2.0833,101.3833,68.88,93,100,1.25,overcast clouds
687,Kurilsk,RU,45.2333,147.8833,42.17,57,100,7.47,overcast clouds
688,Mbandaka,CD,0.0487,18.2603,73.31,91,86,3.18,overcast clouds
689,Ribas Do Rio Pardo,BR,-20.4431,-53.7592,64.36,65,0,5.35,clear sky
690,Cuamba,MZ,-14.8031,36.5372,65.91,98,21,3.22,few clouds
691,Novyy Urgal,RU,51.0736,132.5642,30.61,83,85,3.02,overcast clouds
692,Nova Granada,BR,-20.5339,-49.3142,71.85,69,0,7.05,clear sky
693,San-Pedro,CI,4.7485,-6.6363,76.96,86,100,2.82,overcast clouds
694,Mandalgovi,MN,45.7625,106.2708,43.92,32,0,13.09,clear sky
695,Ponta Delgada,PT,37.7333,-25.6667,59.72,72,20,12.66,few clouds
696,Coahuayana,MX,18.7333,-103.6833,77.0,71,100,3.33,overcast clouds
697,Sulphur Springs,US,33.1385,-95.6011,67.55,88,75,5.75,broken clouds
698,Yangjiang,CN,21.85,111.9667,68.88,82,100,7.85,overcast clouds
699,Arica,CL,-18.475,-70.3042,65.75,79,21,1.7,few clouds
700,Bobcaygeon,CA,44.5462,-78.542,40.28,68,58,7.58,broken clouds
701,Havoysund,NO,70.9963,24.6622,43.03,96,100,14.25,overcast clouds
702,Caravelas,BR,-17.7125,-39.2481,78.03,63,100,10.63,overcast clouds
703,Igurusi,TZ,-8.85,33.85,61.72,95,70,2.51,broken clouds
704,Zunyi,CN,27.6867,106.9072,49.62,89,100,3.53,overcast clouds
